id,first_name,last_name,email_id
1,Eustace,McCoid,sawant.prat@husky.neu.edu
2,Isador,Maestro,sawant.prat@husky.neu.edu
3,Irv,Gaskins,sawant.prat@husky.neu.edu
4,Bengt,Serot,sawant.prat@husky.neu.edu
5,Darrel,Brennon,sawant.prat@husky.neu.edu
6,Cairistiona,Ricoald,sawant.prat@husky.neu.edu
7,Susy,Van Vuren,sawant.prat@husky.neu.edu
8,Mirabelle,O' Molan,sawant.prat@husky.neu.edu
9,Hilarius,Lamberti,sawant.prat@husky.neu.edu
10,Deirdre,MacCambridge,sawant.prat@husky.neu.edu
11,Glenna,Archbould,sawant.prat@husky.neu.edu
12,Maren,Pietrowski,sawant.prat@husky.neu.edu
13,Skipper,Fettis,sawant.prat@husky.neu.edu
14,Stillmann,Venus,sawant.prat@husky.neu.edu
15,Sidney,O'Loughlin,sawant.prat@husky.neu.edu
16,Wilma,Wigley,sawant.prat@husky.neu.edu
17,Ann-marie,Fairburne,sawant.prat@husky.neu.edu
18,Celka,Berriman,sawant.prat@husky.neu.edu
19,Yetta,Lascelles,sawant.prat@husky.neu.edu
20,Jocelyne,Van Niekerk,sawant.prat@husky.neu.edu
21,Brig,Doran,sawant.prat@husky.neu.edu
22,Serena,Gatherell,sawant.prat@husky.neu.edu
23,Jenna,Goulbourn,sawant.prat@husky.neu.edu
24,Andrej,Christofle,sawant.prat@husky.neu.edu
25,Clemens,Duddy,sawant.prat@husky.neu.edu
26,Patrica,Kubalek,sawant.prat@husky.neu.edu
27,Amie,Rickcord,sawant.prat@husky.neu.edu
28,Myrilla,Scarrott,sawant.prat@husky.neu.edu
29,Horton,Impy,sawant.prat@husky.neu.edu
30,Georg,Brigden,sawant.prat@husky.neu.edu
31,Cam,Laverenz,sawant.prat@husky.neu.edu
32,Rennie,Roofe,sawant.prat@husky.neu.edu
33,Angelita,Lopes,sawant.prat@husky.neu.edu
34,Richard,Milius,sawant.prat@husky.neu.edu
35,Grissel,McGuane,sawant.prat@husky.neu.edu
36,Rodney,Totterdell,sawant.prat@husky.neu.edu
37,Shayne,Durtnell,sawant.prat@husky.neu.edu
38,Cooper,Wehnerr,sawant.prat@husky.neu.edu
39,Kristin,Arkil,sawant.prat@husky.neu.edu
40,Cordi,Whoolehan,sawant.prat@husky.neu.edu
41,Andrea,Cruden,sawant.prat@husky.neu.edu
42,Kristal,Mallabar,sawant.prat@husky.neu.edu
43,Franny,Bloor,sawant.prat@husky.neu.edu
44,Vince,Randales,sawant.prat@husky.neu.edu
45,Amil,Casterton,sawant.prat@husky.neu.edu
46,Victoria,Horney,sawant.prat@husky.neu.edu
47,Jenda,Willgrass,sawant.prat@husky.neu.edu
48,Stephenie,Topley,sawant.prat@husky.neu.edu
49,Alyssa,Dugue,sawant.prat@husky.neu.edu
50,Jacintha,Patis,sawant.prat@husky.neu.edu
51,Laverna,Darte,sawant.prat@husky.neu.edu
52,Sher,Essberger,sawant.prat@husky.neu.edu
53,Berget,Whaplington,sawant.prat@husky.neu.edu
54,Johnna,Vickress,sawant.prat@husky.neu.edu
55,Wade,McGrayle,sawant.prat@husky.neu.edu
56,Travis,Pledger,sawant.prat@husky.neu.edu
57,Kellen,Dumbrall,sawant.prat@husky.neu.edu
58,Lucine,Slee,sawant.prat@husky.neu.edu
59,Jay,Peele,sawant.prat@husky.neu.edu
60,Adi,Jindrich,sawant.prat@husky.neu.edu
61,Ignace,Fernanando,sawant.prat@husky.neu.edu
62,Leodora,Arney,sawant.prat@husky.neu.edu
63,Sharona,Filochov,sawant.prat@husky.neu.edu
64,Jolene,Olifaunt,sawant.prat@husky.neu.edu
65,Shelby,Stannas,sawant.prat@husky.neu.edu
66,Danie,Capron,sawant.prat@husky.neu.edu
67,Frants,Churm,sawant.prat@husky.neu.edu
68,Lavena,Patria,sawant.prat@husky.neu.edu
69,Pammy,Langdridge,sawant.prat@husky.neu.edu
70,Leonelle,Dearn,sawant.prat@husky.neu.edu
71,Johann,Cornwall,sawant.prat@husky.neu.edu
72,Cyrille,Rotte,sawant.prat@husky.neu.edu
73,Brynne,Donisthorpe,sawant.prat@husky.neu.edu
74,Lorrie,MacCook,sawant.prat@husky.neu.edu
75,Sayre,Coule,sawant.prat@husky.neu.edu
76,Adan,Akrigg,sawant.prat@husky.neu.edu
77,Elysia,Beere,sawant.prat@husky.neu.edu
78,Wes,Woolmington,sawant.prat@husky.neu.edu
79,Hershel,Dyball,sawant.prat@husky.neu.edu
80,Carita,MacCurley,sawant.prat@husky.neu.edu
81,Regan,Tern,sawant.prat@husky.neu.edu
82,Desiree,Kilfedder,sawant.prat@husky.neu.edu
83,Brad,Fosh,sawant.prat@husky.neu.edu
84,Liliane,Lorincz,sawant.prat@husky.neu.edu
85,Cleon,Castillou,sawant.prat@husky.neu.edu
86,Reinaldos,McKern,sawant.prat@husky.neu.edu
87,Ferdy,Cosser,sawant.prat@husky.neu.edu
88,Babette,Totman,sawant.prat@husky.neu.edu
89,Tabbi,Traite,sawant.prat@husky.neu.edu
90,Silvio,Selwyn,sawant.prat@husky.neu.edu
91,Minny,Fenich,sawant.prat@husky.neu.edu
92,Barry,Castleman,sawant.prat@husky.neu.edu
93,Elana,Eggers,sawant.prat@husky.neu.edu
94,Reginauld,Ginn,sawant.prat@husky.neu.edu
95,Roarke,Badman,sawant.prat@husky.neu.edu
96,Waylin,Marchiso,sawant.prat@husky.neu.edu
97,Carlo,Betterton,sawant.prat@husky.neu.edu
98,Tally,Sisson,sawant.prat@husky.neu.edu
99,Amy,Macro,sawant.prat@husky.neu.edu
100,Timothea,Linthead,sawant.prat@husky.neu.edu
101,Aurilia,Brocklebank,sawant.prat@husky.neu.edu
102,Broderick,Yeaman,sawant.prat@husky.neu.edu
103,Doll,Livezley,sawant.prat@husky.neu.edu
104,Zebulon,Currie,sawant.prat@husky.neu.edu
105,Kali,Dawks,sawant.prat@husky.neu.edu
106,Trefor,Robun,sawant.prat@husky.neu.edu
107,Wadsworth,Wither,sawant.prat@husky.neu.edu
108,Nada,Gibby,sawant.prat@husky.neu.edu
109,Gabie,Aberchirder,sawant.prat@husky.neu.edu
110,Owen,Attarge,sawant.prat@husky.neu.edu
111,Tami,O'Bruen,sawant.prat@husky.neu.edu
112,Keen,Helkin,sawant.prat@husky.neu.edu
113,Onofredo,Benninck,sawant.prat@husky.neu.edu
114,Pam,Ruppert,sawant.prat@husky.neu.edu
115,Alan,Iacovo,sawant.prat@husky.neu.edu
116,Allistir,Arnao,sawant.prat@husky.neu.edu
117,Ellynn,Simoncelli,sawant.prat@husky.neu.edu
118,Sybil,Whitwood,sawant.prat@husky.neu.edu
119,Noble,Bras,sawant.prat@husky.neu.edu
120,Kevina,Scedall,sawant.prat@husky.neu.edu
121,Clair,Picard,sawant.prat@husky.neu.edu
122,Lulita,Sparway,sawant.prat@husky.neu.edu
123,Mirella,Jefferys,sawant.prat@husky.neu.edu
124,Elonore,Millis,sawant.prat@husky.neu.edu
125,Diandra,Romera,sawant.prat@husky.neu.edu
126,Farleigh,Trenear,sawant.prat@husky.neu.edu
127,Grange,Malarkey,sawant.prat@husky.neu.edu
128,Dusty,Drinkel,sawant.prat@husky.neu.edu
129,Mordecai,Barck,sawant.prat@husky.neu.edu
130,Anatola,Marshallsay,sawant.prat@husky.neu.edu
131,Chandal,Eddins,sawant.prat@husky.neu.edu
132,Adina,Yallop,sawant.prat@husky.neu.edu
133,Lynde,MacCague,sawant.prat@husky.neu.edu
134,Niki,Drury,sawant.prat@husky.neu.edu
135,Karylin,Kesby,sawant.prat@husky.neu.edu
136,Sidonnie,Ellul,sawant.prat@husky.neu.edu
137,Corie,Pavlovsky,sawant.prat@husky.neu.edu
138,Penn,Pocklington,sawant.prat@husky.neu.edu
139,Anstice,Corpes,sawant.prat@husky.neu.edu
140,Kellsie,Jannings,sawant.prat@husky.neu.edu
141,Rodrique,Forsyth,sawant.prat@husky.neu.edu
142,Veronique,Siggens,sawant.prat@husky.neu.edu
143,Louie,Sherebrook,sawant.prat@husky.neu.edu
144,Karina,Laurance,sawant.prat@husky.neu.edu
145,Courtnay,Sperski,sawant.prat@husky.neu.edu
146,Dar,Rutt,sawant.prat@husky.neu.edu
147,Percy,Stansby,sawant.prat@husky.neu.edu
148,Bo,Lay,sawant.prat@husky.neu.edu
149,Garland,Tabourin,sawant.prat@husky.neu.edu
150,Shannan,Surman-Wells,sawant.prat@husky.neu.edu
151,Maybelle,Kegley,sawant.prat@husky.neu.edu
152,Manon,Badsey,sawant.prat@husky.neu.edu
153,Brannon,Mantripp,sawant.prat@husky.neu.edu
154,Hinda,Cozens,sawant.prat@husky.neu.edu
155,Pacorro,Domleo,sawant.prat@husky.neu.edu
156,Hobard,Gaylor,sawant.prat@husky.neu.edu
157,Annamarie,Anglin,sawant.prat@husky.neu.edu
158,Inger,Pavolini,sawant.prat@husky.neu.edu
159,Genevra,Antognozzii,sawant.prat@husky.neu.edu
160,Glennis,Jaye,sawant.prat@husky.neu.edu
161,Marge,Ledwidge,sawant.prat@husky.neu.edu
162,Dorette,Barnwill,sawant.prat@husky.neu.edu
163,Hermina,Crowdson,sawant.prat@husky.neu.edu
164,Elwyn,Gratrix,sawant.prat@husky.neu.edu
165,Lamont,Tringham,sawant.prat@husky.neu.edu
166,Daryl,Cavalier,sawant.prat@husky.neu.edu
167,Pearla,Hamlington,sawant.prat@husky.neu.edu
168,Chrotoem,Madoc-Jones,sawant.prat@husky.neu.edu
169,Edd,Beever,sawant.prat@husky.neu.edu
170,Sloane,Brewett,sawant.prat@husky.neu.edu
171,Norris,Zapata,sawant.prat@husky.neu.edu
172,Nolie,Jantzen,sawant.prat@husky.neu.edu
173,Kareem,McCart,sawant.prat@husky.neu.edu
174,Berky,Tessier,sawant.prat@husky.neu.edu
175,Tait,Virr,sawant.prat@husky.neu.edu
176,Veradis,Futty,sawant.prat@husky.neu.edu
177,Mordecai,Done,sawant.prat@husky.neu.edu
178,Ddene,Simond,sawant.prat@husky.neu.edu
179,Melvyn,Blanchet,sawant.prat@husky.neu.edu
180,Chariot,Vivien,sawant.prat@husky.neu.edu
181,Ellyn,Sennett,sawant.prat@husky.neu.edu
182,Kandy,Arrol,sawant.prat@husky.neu.edu
183,Anjela,Haylands,sawant.prat@husky.neu.edu
184,Lowe,Ravel,sawant.prat@husky.neu.edu
185,Alfonse,Gellion,sawant.prat@husky.neu.edu
186,Frank,Hutchings,sawant.prat@husky.neu.edu
187,Ivy,Pow,sawant.prat@husky.neu.edu
188,Odelia,FitzGeorge,sawant.prat@husky.neu.edu
189,Staffard,Fison,sawant.prat@husky.neu.edu
190,Francoise,Fooks,sawant.prat@husky.neu.edu
191,Fiorenze,Keep,sawant.prat@husky.neu.edu
192,Morten,Franceschino,sawant.prat@husky.neu.edu
193,Kim,Guppey,sawant.prat@husky.neu.edu
194,Jennilee,Kaming,sawant.prat@husky.neu.edu
195,Job,Simcox,sawant.prat@husky.neu.edu
196,Tamma,Gemmell,sawant.prat@husky.neu.edu
197,Douglas,Johnikin,sawant.prat@husky.neu.edu
198,Shell,Maffiotti,sawant.prat@husky.neu.edu
199,Sheridan,Trew,sawant.prat@husky.neu.edu
200,Claribel,Jarrell,sawant.prat@husky.neu.edu
201,Rolf,Stanger,sawant.prat@husky.neu.edu
202,Heidi,Littlefield,sawant.prat@husky.neu.edu
203,Tobye,Brammer,sawant.prat@husky.neu.edu
204,Orbadiah,Castagnier,sawant.prat@husky.neu.edu
205,Florida,Scanlan,sawant.prat@husky.neu.edu
206,Dannie,Maldin,sawant.prat@husky.neu.edu
207,Olin,Woodley,sawant.prat@husky.neu.edu
208,Kathye,Cruz,sawant.prat@husky.neu.edu
209,Gwyneth,Jones,sawant.prat@husky.neu.edu
210,Serena,Delwater,sawant.prat@husky.neu.edu
211,Johnna,Habbes,sawant.prat@husky.neu.edu
212,Arel,Chsteney,sawant.prat@husky.neu.edu
213,Debera,Jarrette,sawant.prat@husky.neu.edu
214,Tersina,Durran,sawant.prat@husky.neu.edu
215,Krystle,Zanutti,sawant.prat@husky.neu.edu
216,Rollins,Arnao,sawant.prat@husky.neu.edu
217,Grayce,Gilbanks,sawant.prat@husky.neu.edu
218,Joleen,Bulmer,sawant.prat@husky.neu.edu
219,Karl,Talkington,sawant.prat@husky.neu.edu
220,Jobey,Reisenstein,sawant.prat@husky.neu.edu
221,Stillman,Folbige,sawant.prat@husky.neu.edu
222,Chane,Ranklin,sawant.prat@husky.neu.edu
223,Florinda,Mote,sawant.prat@husky.neu.edu
224,Mattie,Henryson,sawant.prat@husky.neu.edu
225,Baryram,Klimentyonok,sawant.prat@husky.neu.edu
226,Lindsey,Maunders,sawant.prat@husky.neu.edu
227,Alex,Dryburgh,sawant.prat@husky.neu.edu
228,Auguste,Shakspeare,sawant.prat@husky.neu.edu
229,Juliette,Otham,sawant.prat@husky.neu.edu
230,Margery,Foster-Smith,sawant.prat@husky.neu.edu
231,Dodie,Wickins,sawant.prat@husky.neu.edu
232,Quinlan,Matson,sawant.prat@husky.neu.edu
233,Paxton,Gout,sawant.prat@husky.neu.edu
234,Cathrin,Gogerty,sawant.prat@husky.neu.edu
235,Aurie,Cowndley,sawant.prat@husky.neu.edu
236,Clevey,Clowsley,sawant.prat@husky.neu.edu
237,Cass,Grigson,sawant.prat@husky.neu.edu
238,Morna,Rossetti,sawant.prat@husky.neu.edu
239,Stephine,Koopman,sawant.prat@husky.neu.edu
240,Nikolos,Cristou,sawant.prat@husky.neu.edu
241,Candace,Slainey,sawant.prat@husky.neu.edu
242,Kirstyn,Bartkowiak,sawant.prat@husky.neu.edu
243,Brit,Donnell,sawant.prat@husky.neu.edu
244,Barr,Lightbourne,sawant.prat@husky.neu.edu
245,Pavia,Berford,sawant.prat@husky.neu.edu
246,Jessamyn,Bassingden,sawant.prat@husky.neu.edu
247,Vaclav,Burkwood,sawant.prat@husky.neu.edu
248,Corrinne,Klageman,sawant.prat@husky.neu.edu
249,Rayshell,Greenshields,sawant.prat@husky.neu.edu
250,Ekaterina,Nitti,sawant.prat@husky.neu.edu
251,Sharline,Bickerton,sawant.prat@husky.neu.edu
252,Ninnetta,Easterling,sawant.prat@husky.neu.edu
253,Roland,Morrow,sawant.prat@husky.neu.edu
254,Noach,Antonazzi,sawant.prat@husky.neu.edu
255,Alvan,Wedlake,sawant.prat@husky.neu.edu
256,Saxe,Basile,sawant.prat@husky.neu.edu
257,Hyacinth,Dallyn,sawant.prat@husky.neu.edu
258,Delmar,Laurens,sawant.prat@husky.neu.edu
259,Ignacio,Curling,sawant.prat@husky.neu.edu
260,Agustin,Sink,sawant.prat@husky.neu.edu
261,Ermanno,Lowers,sawant.prat@husky.neu.edu
262,Yoshi,Rowland,sawant.prat@husky.neu.edu
263,Ford,Arnould,sawant.prat@husky.neu.edu
264,Edan,Fellgett,sawant.prat@husky.neu.edu
265,Minda,Gozard,sawant.prat@husky.neu.edu
266,Leanora,Sheardown,sawant.prat@husky.neu.edu
267,Alva,Dutnall,sawant.prat@husky.neu.edu
268,Lyndel,Ling,sawant.prat@husky.neu.edu
269,Robenia,Denekamp,sawant.prat@husky.neu.edu
270,Magdaia,Grellis,sawant.prat@husky.neu.edu
271,Morton,Seger,sawant.prat@husky.neu.edu
272,Ferdie,Nilles,sawant.prat@husky.neu.edu
273,Clarine,Yerrell,sawant.prat@husky.neu.edu
274,Maurits,Wyborn,sawant.prat@husky.neu.edu
275,Dione,Cowans,sawant.prat@husky.neu.edu
276,Stanislas,Burrass,sawant.prat@husky.neu.edu
277,Walt,Ivanaev,sawant.prat@husky.neu.edu
278,Mada,Rollings,sawant.prat@husky.neu.edu
279,Malachi,Hollyer,sawant.prat@husky.neu.edu
280,Zacharia,Fairey,sawant.prat@husky.neu.edu
281,Colas,Banfill,sawant.prat@husky.neu.edu
282,Layne,Fawdrie,sawant.prat@husky.neu.edu
283,Josselyn,Noor,sawant.prat@husky.neu.edu
284,Gail,Reolfi,sawant.prat@husky.neu.edu
285,Estevan,Crauford,sawant.prat@husky.neu.edu
286,Talyah,MacAlaster,sawant.prat@husky.neu.edu
287,Roberta,Nockells,sawant.prat@husky.neu.edu
288,Kenn,Tritton,sawant.prat@husky.neu.edu
289,Jocelin,Simecek,sawant.prat@husky.neu.edu
290,Caty,Rothman,sawant.prat@husky.neu.edu
291,Rollins,McBrearty,sawant.prat@husky.neu.edu
292,Caritta,Von Der Empten,sawant.prat@husky.neu.edu
293,Dore,Barnes,sawant.prat@husky.neu.edu
294,Davida,Featherstonehaugh,sawant.prat@husky.neu.edu
295,Genvieve,Heineking,sawant.prat@husky.neu.edu
296,Monroe,Crowhurst,sawant.prat@husky.neu.edu
297,Jonathon,Snowman,sawant.prat@husky.neu.edu
298,Selena,Witchell,sawant.prat@husky.neu.edu
299,Correy,Raund,sawant.prat@husky.neu.edu
300,Marrilee,Dawbery,sawant.prat@husky.neu.edu
301,Mariana,Fassbindler,sawant.prat@husky.neu.edu
302,Harvey,Linne,sawant.prat@husky.neu.edu
303,Sarette,Cawston,sawant.prat@husky.neu.edu
304,Hamlin,Jaqueme,sawant.prat@husky.neu.edu
305,Natividad,Kmiec,sawant.prat@husky.neu.edu
306,Kellen,Durrance,sawant.prat@husky.neu.edu
307,Hortense,Lindblom,sawant.prat@husky.neu.edu
308,Aidan,McLurg,sawant.prat@husky.neu.edu
309,June,Follacaro,sawant.prat@husky.neu.edu
310,Quintina,Sharvell,sawant.prat@husky.neu.edu
311,Francklin,Shilleto,sawant.prat@husky.neu.edu
312,Gothart,Hackin,sawant.prat@husky.neu.edu
313,Wald,Rimington,sawant.prat@husky.neu.edu
314,Dieter,O'Conor,sawant.prat@husky.neu.edu
315,Granny,Galsworthy,sawant.prat@husky.neu.edu
316,Portie,Meltetal,sawant.prat@husky.neu.edu
317,Forster,Rickword,sawant.prat@husky.neu.edu
318,Garrot,Gervaise,sawant.prat@husky.neu.edu
319,Rorke,Gregson,sawant.prat@husky.neu.edu
320,Kin,Haulkham,sawant.prat@husky.neu.edu
321,Dorelia,Legg,sawant.prat@husky.neu.edu
322,Laurent,Harniman,sawant.prat@husky.neu.edu
323,Erhard,Boeck,sawant.prat@husky.neu.edu
324,Morry,Felten,sawant.prat@husky.neu.edu
325,Terencio,Eslinger,sawant.prat@husky.neu.edu
326,Germayne,Alanbrooke,sawant.prat@husky.neu.edu
327,Bentlee,Gladdin,sawant.prat@husky.neu.edu
328,Brok,Stapleford,sawant.prat@husky.neu.edu
329,Giacobo,MacCrossan,sawant.prat@husky.neu.edu
330,Brianna,Ducarel,sawant.prat@husky.neu.edu
331,Aldous,Louisot,sawant.prat@husky.neu.edu
332,Willie,Balle,sawant.prat@husky.neu.edu
333,Skyler,Poulson,sawant.prat@husky.neu.edu
334,Abdul,Maudsley,sawant.prat@husky.neu.edu
335,Lydie,Filipowicz,sawant.prat@husky.neu.edu
336,Bayard,Feldman,sawant.prat@husky.neu.edu
337,Chico,Duigan,sawant.prat@husky.neu.edu
338,Giavani,Han,sawant.prat@husky.neu.edu
339,Terry,Trengrove,sawant.prat@husky.neu.edu
340,Luigi,MacRitchie,sawant.prat@husky.neu.edu
341,Nikaniki,Pietruszka,sawant.prat@husky.neu.edu
342,Armstrong,McDiarmid,sawant.prat@husky.neu.edu
343,Goddart,Snarr,sawant.prat@husky.neu.edu
344,Georgine,McCallam,sawant.prat@husky.neu.edu
345,Joella,Cestard,sawant.prat@husky.neu.edu
346,Timothee,Brothwood,sawant.prat@husky.neu.edu
347,Francisca,Currum,sawant.prat@husky.neu.edu
348,Jammie,Waterson,sawant.prat@husky.neu.edu
349,Nixie,Rosberg,sawant.prat@husky.neu.edu
350,Valaria,Smalridge,sawant.prat@husky.neu.edu
351,Ulla,McMakin,sawant.prat@husky.neu.edu
352,Shell,Ellesmere,sawant.prat@husky.neu.edu
353,Marabel,Jevon,sawant.prat@husky.neu.edu
354,Sybila,Tofpik,sawant.prat@husky.neu.edu
355,Olav,Librey,sawant.prat@husky.neu.edu
356,Coriss,Brodeau,sawant.prat@husky.neu.edu
357,Torrence,Hambelton,sawant.prat@husky.neu.edu
358,Kippie,Redmell,sawant.prat@husky.neu.edu
359,Laughton,Castelluzzi,sawant.prat@husky.neu.edu
360,Dame,Ondrak,sawant.prat@husky.neu.edu
361,Kit,Varns,sawant.prat@husky.neu.edu
362,Lois,Flacke,sawant.prat@husky.neu.edu
363,Zonnya,Jentzsch,sawant.prat@husky.neu.edu
364,Kurt,Brandreth,sawant.prat@husky.neu.edu
365,Fairlie,Gaither,sawant.prat@husky.neu.edu
366,Eleonora,Windrum,sawant.prat@husky.neu.edu
367,Elayne,Kerry,sawant.prat@husky.neu.edu
368,Kirk,Audibert,sawant.prat@husky.neu.edu
369,Genia,Baggallay,sawant.prat@husky.neu.edu
370,Daryle,Zollner,sawant.prat@husky.neu.edu
371,Alisun,Narup,sawant.prat@husky.neu.edu
372,Robbie,Gaskin,sawant.prat@husky.neu.edu
373,Clementia,Frere,sawant.prat@husky.neu.edu
374,Reilly,Bretton,sawant.prat@husky.neu.edu
375,Sheilah,Banfill,sawant.prat@husky.neu.edu
376,Roxanna,McInility,sawant.prat@husky.neu.edu
377,Franky,Coffin,sawant.prat@husky.neu.edu
378,Matthiew,Caspell,sawant.prat@husky.neu.edu
379,Fabe,Dobie,sawant.prat@husky.neu.edu
380,Gene,Bouchier,sawant.prat@husky.neu.edu
381,Berton,Nisco,sawant.prat@husky.neu.edu
382,Mella,Longmore,sawant.prat@husky.neu.edu
383,Tammy,De Cleyne,sawant.prat@husky.neu.edu
384,Vaughan,Killford,sawant.prat@husky.neu.edu
385,Marie-ann,Sciacovelli,sawant.prat@husky.neu.edu
386,Storm,Comino,sawant.prat@husky.neu.edu
387,Taddeo,Haskett,sawant.prat@husky.neu.edu
388,Gena,McGibbon,sawant.prat@husky.neu.edu
389,Hanson,Oldman,sawant.prat@husky.neu.edu
390,Regan,Rahl,sawant.prat@husky.neu.edu
391,Woodrow,Scraney,sawant.prat@husky.neu.edu
392,Ericka,Farquarson,sawant.prat@husky.neu.edu
393,Emilee,Camber,sawant.prat@husky.neu.edu
394,Jennine,Markovic,sawant.prat@husky.neu.edu
395,Seana,Segoe,sawant.prat@husky.neu.edu
396,Oswald,Mangion,sawant.prat@husky.neu.edu
397,Adam,Napoleone,sawant.prat@husky.neu.edu
398,Simon,Duval,sawant.prat@husky.neu.edu
399,Bev,Crop,sawant.prat@husky.neu.edu
400,Temp,Vasiltsov,sawant.prat@husky.neu.edu
401,Ruy,Raffles,sawant.prat@husky.neu.edu
402,Vassili,Root,sawant.prat@husky.neu.edu
403,Elysha,Pietrowski,sawant.prat@husky.neu.edu
404,Leanora,Gregr,sawant.prat@husky.neu.edu
405,Shurwood,Farnon,sawant.prat@husky.neu.edu
406,Pet,Loughton,sawant.prat@husky.neu.edu
407,Debby,Tucsell,sawant.prat@husky.neu.edu
408,Suzette,Jimenez,sawant.prat@husky.neu.edu
409,Gayla,Longhorne,sawant.prat@husky.neu.edu
410,Dolph,Tabbitt,sawant.prat@husky.neu.edu
411,Seana,Idale,sawant.prat@husky.neu.edu
412,Tania,Archibold,sawant.prat@husky.neu.edu
413,Wendall,Lilywhite,sawant.prat@husky.neu.edu
414,Vaughan,Buzzing,sawant.prat@husky.neu.edu
415,Nertie,Grishinov,sawant.prat@husky.neu.edu
416,Elayne,Hunter,sawant.prat@husky.neu.edu
417,Ewell,Blount,sawant.prat@husky.neu.edu
418,Sidney,Trainer,sawant.prat@husky.neu.edu
419,Sheelagh,Durrington,sawant.prat@husky.neu.edu
420,Mirella,Emmott,sawant.prat@husky.neu.edu
421,Ernst,Chenery,sawant.prat@husky.neu.edu
422,Brocky,Meert,sawant.prat@husky.neu.edu
423,Clemmie,Cooper,sawant.prat@husky.neu.edu
424,Martin,Clemanceau,sawant.prat@husky.neu.edu
425,Aland,Hamflett,sawant.prat@husky.neu.edu
426,Rachel,Kynastone,sawant.prat@husky.neu.edu
427,Heath,Alywin,sawant.prat@husky.neu.edu
428,Lazaro,Tart,sawant.prat@husky.neu.edu
429,Constantina,Kelle,sawant.prat@husky.neu.edu
430,Humberto,Oxborough,sawant.prat@husky.neu.edu
431,Kalle,Danks,sawant.prat@husky.neu.edu
432,Egor,Aluard,sawant.prat@husky.neu.edu
433,Teresa,Toxell,sawant.prat@husky.neu.edu
434,Padget,Farey,sawant.prat@husky.neu.edu
435,Odessa,Stigell,sawant.prat@husky.neu.edu
436,Martainn,Keiling,sawant.prat@husky.neu.edu
437,Livy,Aizlewood,sawant.prat@husky.neu.edu
438,Hugibert,Mattheus,sawant.prat@husky.neu.edu
439,Elka,Stocky,sawant.prat@husky.neu.edu
440,Jazmin,Antoons,sawant.prat@husky.neu.edu
441,Shari,Orcott,sawant.prat@husky.neu.edu
442,Cacilia,McTavish,sawant.prat@husky.neu.edu
443,Pierre,Clark,sawant.prat@husky.neu.edu
444,Carlin,Troman,sawant.prat@husky.neu.edu
445,Gayler,Chadwen,sawant.prat@husky.neu.edu
446,Darline,Tommen,sawant.prat@husky.neu.edu
447,Aubine,Davidovics,sawant.prat@husky.neu.edu
448,Wood,Caisley,sawant.prat@husky.neu.edu
449,Klara,Sicily,sawant.prat@husky.neu.edu
450,Morrie,Casali,sawant.prat@husky.neu.edu
451,Violet,Salvatore,sawant.prat@husky.neu.edu
452,Lorraine,Pibsworth,sawant.prat@husky.neu.edu
453,Nicolea,Evenett,sawant.prat@husky.neu.edu
454,Garvey,Caisley,sawant.prat@husky.neu.edu
455,Ezri,Beldom,sawant.prat@husky.neu.edu
456,Ginevra,Mapholm,sawant.prat@husky.neu.edu
457,Earvin,Herion,sawant.prat@husky.neu.edu
458,Milly,Tanzer,sawant.prat@husky.neu.edu
459,Gerhard,Marklin,sawant.prat@husky.neu.edu
460,Darrick,Gytesham,sawant.prat@husky.neu.edu
461,Van,Keal,sawant.prat@husky.neu.edu
462,Rod,Ceeley,sawant.prat@husky.neu.edu
463,Sarine,MacAfee,sawant.prat@husky.neu.edu
464,Irv,Rutherforth,sawant.prat@husky.neu.edu
465,Leesa,Deener,sawant.prat@husky.neu.edu
466,Fulvia,Clelland,sawant.prat@husky.neu.edu
467,Xylia,Markl,sawant.prat@husky.neu.edu
468,Gordy,Pollicatt,sawant.prat@husky.neu.edu
469,Chrissy,Killford,sawant.prat@husky.neu.edu
470,Haily,Ambrogini,sawant.prat@husky.neu.edu
471,Kip,Burniston,sawant.prat@husky.neu.edu
472,Albertina,Fricke,sawant.prat@husky.neu.edu
473,Francis,Brosnan,sawant.prat@husky.neu.edu
474,Vick,Larver,sawant.prat@husky.neu.edu
475,Tades,Faulconbridge,sawant.prat@husky.neu.edu
476,Amble,Bussens,sawant.prat@husky.neu.edu
477,Moria,Haughian,sawant.prat@husky.neu.edu
478,Joannes,Kilbey,sawant.prat@husky.neu.edu
479,El,Mandry,sawant.prat@husky.neu.edu
480,Reamonn,Siddons,sawant.prat@husky.neu.edu
481,Cassi,Dougary,sawant.prat@husky.neu.edu
482,Dunstan,Hentzer,sawant.prat@husky.neu.edu
483,Benji,Gigg,sawant.prat@husky.neu.edu
484,Gayleen,McRitchie,sawant.prat@husky.neu.edu
485,Bird,Cudbird,sawant.prat@husky.neu.edu
486,Travus,Idiens,sawant.prat@husky.neu.edu
487,Dur,Lamlin,sawant.prat@husky.neu.edu
488,Shayna,Hardwich,sawant.prat@husky.neu.edu
489,Vitia,Redbourn,sawant.prat@husky.neu.edu
490,Read,Swindles,sawant.prat@husky.neu.edu
491,Malena,Friday,sawant.prat@husky.neu.edu
492,Gino,Lingner,sawant.prat@husky.neu.edu
493,Donica,Favel,sawant.prat@husky.neu.edu
494,Tony,Orleton,sawant.prat@husky.neu.edu
495,Anstice,Premble,sawant.prat@husky.neu.edu
496,Nancie,Peckitt,sawant.prat@husky.neu.edu
497,Kienan,Schrir,sawant.prat@husky.neu.edu
498,Delmor,Meynell,sawant.prat@husky.neu.edu
499,Venita,Etuck,sawant.prat@husky.neu.edu
500,Bernardo,McSherry,sawant.prat@husky.neu.edu
501,Marve,Dearnly,sawant.prat@husky.neu.edu
502,Allys,Harms,sawant.prat@husky.neu.edu
503,Libby,Whapple,sawant.prat@husky.neu.edu
504,Richy,Bagniuk,sawant.prat@husky.neu.edu
505,Humfried,Shapera,sawant.prat@husky.neu.edu
506,Melisent,Copcott,sawant.prat@husky.neu.edu
507,Ly,Seedman,sawant.prat@husky.neu.edu
508,Leonanie,Harryman,sawant.prat@husky.neu.edu
509,Tammara,Ringwood,sawant.prat@husky.neu.edu
510,Mechelle,Penzer,sawant.prat@husky.neu.edu
511,Tanny,Hush,sawant.prat@husky.neu.edu
512,Melloney,Domenicone,sawant.prat@husky.neu.edu
513,Pietra,Regler,sawant.prat@husky.neu.edu
514,Raeann,Dunseath,sawant.prat@husky.neu.edu
515,Trace,Weiss,sawant.prat@husky.neu.edu
516,Allyson,Conachie,sawant.prat@husky.neu.edu
517,Normy,Barabisch,sawant.prat@husky.neu.edu
518,Marylin,Flatley,sawant.prat@husky.neu.edu
519,Joyann,Siemens,sawant.prat@husky.neu.edu
520,Birdie,Bunyard,sawant.prat@husky.neu.edu
521,Delphinia,Chasen,sawant.prat@husky.neu.edu
522,Somerset,Columbell,sawant.prat@husky.neu.edu
523,Thomasine,Hitschke,sawant.prat@husky.neu.edu
524,Caresa,Sorel,sawant.prat@husky.neu.edu
525,Kenna,Prene,sawant.prat@husky.neu.edu
526,Selinda,Patzelt,sawant.prat@husky.neu.edu
527,Tait,Melpuss,sawant.prat@husky.neu.edu
528,Isidro,Dominguez,sawant.prat@husky.neu.edu
529,Xenos,Feldklein,sawant.prat@husky.neu.edu
530,Lana,Todman,sawant.prat@husky.neu.edu
531,Valentine,Lavalle,sawant.prat@husky.neu.edu
532,Curr,Sleeford,sawant.prat@husky.neu.edu
533,Cort,Knibb,sawant.prat@husky.neu.edu
534,Killie,Heims,sawant.prat@husky.neu.edu
535,Saunderson,Barkworth,sawant.prat@husky.neu.edu
536,Carver,Flaverty,sawant.prat@husky.neu.edu
537,Bord,Waymont,sawant.prat@husky.neu.edu
538,Arturo,Pain,sawant.prat@husky.neu.edu
539,Leanora,Pickrell,sawant.prat@husky.neu.edu
540,Lois,Astlett,sawant.prat@husky.neu.edu
541,Marley,Borman,sawant.prat@husky.neu.edu
542,Katie,d' Eye,sawant.prat@husky.neu.edu
543,Shalne,McEwan,sawant.prat@husky.neu.edu
544,Benjy,Adrain,sawant.prat@husky.neu.edu
545,Rozalie,Bransgrove,sawant.prat@husky.neu.edu
546,Rodrigo,Bernardotti,sawant.prat@husky.neu.edu
547,Elana,Crudginton,sawant.prat@husky.neu.edu
548,Jehanna,Hairyes,sawant.prat@husky.neu.edu
549,Andrei,Garnsey,sawant.prat@husky.neu.edu
550,Etta,Whayman,sawant.prat@husky.neu.edu
551,Dawna,MacGinlay,sawant.prat@husky.neu.edu
552,Tommie,Priestley,sawant.prat@husky.neu.edu
553,Willette,Penner,sawant.prat@husky.neu.edu
554,Helaina,Joberne,sawant.prat@husky.neu.edu
555,Eli,Ratlee,sawant.prat@husky.neu.edu
556,Ebeneser,Benedick,sawant.prat@husky.neu.edu
557,Guido,Taylot,sawant.prat@husky.neu.edu
558,Inger,Golley,sawant.prat@husky.neu.edu
559,Elsa,Corran,sawant.prat@husky.neu.edu
560,Adela,Whitbread,sawant.prat@husky.neu.edu
561,Tristam,Mewton,sawant.prat@husky.neu.edu
562,Maxwell,Crayke,sawant.prat@husky.neu.edu
563,Mirabelle,Barrett,sawant.prat@husky.neu.edu
564,Emilio,Normabell,sawant.prat@husky.neu.edu
565,Umberto,Clouston,sawant.prat@husky.neu.edu
566,Mylo,Aartsen,sawant.prat@husky.neu.edu
567,Kanya,Forgan,sawant.prat@husky.neu.edu
568,Giacinta,Udden,sawant.prat@husky.neu.edu
569,Mitzi,Clarkin,sawant.prat@husky.neu.edu
570,Rozelle,Eppson,sawant.prat@husky.neu.edu
571,Traci,Kenford,sawant.prat@husky.neu.edu
572,Hurlee,Rye,sawant.prat@husky.neu.edu
573,Winna,Mutch,sawant.prat@husky.neu.edu
574,Ashil,Baxstare,sawant.prat@husky.neu.edu
575,Rochester,Minto,sawant.prat@husky.neu.edu
576,Liliane,Ravillas,sawant.prat@husky.neu.edu
577,Joellen,Matteuzzi,sawant.prat@husky.neu.edu
578,Cori,Gallo,sawant.prat@husky.neu.edu
579,Elwin,Purkess,sawant.prat@husky.neu.edu
580,Rodney,Dillaway,sawant.prat@husky.neu.edu
581,Hilliard,Leavry,sawant.prat@husky.neu.edu
582,Genna,Gouley,sawant.prat@husky.neu.edu
583,Marin,Sinkinson,sawant.prat@husky.neu.edu
584,Myer,Whistance,sawant.prat@husky.neu.edu
585,Sylas,Walter,sawant.prat@husky.neu.edu
586,Ginevra,Blanko,sawant.prat@husky.neu.edu
587,Rickie,Duncombe,sawant.prat@husky.neu.edu
588,Zachery,Tomik,sawant.prat@husky.neu.edu
589,Lek,Jerche,sawant.prat@husky.neu.edu
590,Ernestine,Garvie,sawant.prat@husky.neu.edu
591,Dickie,Weetch,sawant.prat@husky.neu.edu
592,Holli,Browning,sawant.prat@husky.neu.edu
593,Abelard,Hastelow,sawant.prat@husky.neu.edu
594,Caleb,Sirmond,sawant.prat@husky.neu.edu
595,Betsy,Gillbe,sawant.prat@husky.neu.edu
596,Marinna,Gunda,sawant.prat@husky.neu.edu
597,Stefan,Charkham,sawant.prat@husky.neu.edu
598,Katie,Clutton,sawant.prat@husky.neu.edu
599,Alic,Deinhardt,sawant.prat@husky.neu.edu
600,Dyan,Werendell,sawant.prat@husky.neu.edu
601,Nicholle,Cossam,sawant.prat@husky.neu.edu
602,Glenna,Bushell,sawant.prat@husky.neu.edu
603,Windy,Rudgley,sawant.prat@husky.neu.edu
604,Monty,McCoveney,sawant.prat@husky.neu.edu
605,Shirline,Beaudry,sawant.prat@husky.neu.edu
606,Julieta,Knowling,sawant.prat@husky.neu.edu
607,Morgen,Colcomb,sawant.prat@husky.neu.edu
608,Etan,Freer,sawant.prat@husky.neu.edu
609,Clem,Gore,sawant.prat@husky.neu.edu
610,Laurette,Buist,sawant.prat@husky.neu.edu
